id;servicioId;tipo;fecha;hora
9250;2069;Cine;2024-06-04;15:58:18
5279;1185;Concierto;2024-08-16;17:36:55
7300;1957;Museo;2024-10-09;16:47:01
4737;3229;Concierto;2024-10-02;00:29:35
496;1490;Museo;2025-01-02;10:10:18
1644;3280;Museo;2024-05-02;06:21:19
7118;4841;Museo;2024-09-07;00:47:00
2160;2549;Museo;2024-06-21;02:21:53
4576;4466;Deporte;2024-12-07;18:03:52
6567;1185;Teatro;2024-11-29;02:51:40
8928;3169;Museo;2024-10-16;21:09:02
8918;1715;Cine;2024-05-26;08:12:23
8401;1636;Concierto;2024-03-19;05:06:15
7698;3455;Teatro;2024-09-21;10:59:42
3526;4657;Teatro;2024-10-22;13:31:43
7068;3593;Museo;2025-01-09;10:47:26
3743;3497;Teatro;2024-08-19;01:46:01
9228;888;Teatro;2024-09-19;14:22:03
6116;4163;Cine;2024-02-13;00:01:58
345;2984;Concierto;2024-02-15;01:57:47
981;2190;Concierto;2024-12-27;09:51:22
3340;2671;Teatro;2024-02-19;17:02:07
4568;57;Museo;2024-06-12;19:41:51
5991;1477;Teatro;2024-11-19;05:32:15
9543;391;Teatro;2024-06-12;16:52:11
1357;940;Museo;2024-02-03;06:40:43
3555;3882;Teatro;2024-12-11;00:41:49
8866;3073;Deporte;2024-07-20;08:35:22
3490;4566;Concierto;2024-02-28;22:44:53
2764;1267;Concierto;2024-06-12;03:30:15
5584;2150;Teatro;2024-11-06;02:08:35
8133;1629;Concierto;2024-10-04;19:30:07
6561;565;Concierto;2024-12-18;19:32:06
8105;2375;Cine;2024-11-12;16:24:15
2233;4030;Teatro;2024-09-30;22:23:30
9847;2288;Deporte;2024-05-19;18:19:19
1277;289;Cine;2024-05-23;10:07:55
5664;1485;Cine;2024-03-07;15:20:29
2041;4447;Concierto;2024-02-20;02:08:30
6990;3127;Concierto;2024-08-11;00:24:03
3595;4301;Deporte;2024-12-23;00:18:51
1625;4232;Cine;2024-08-02;10:53:20
2059;1267;Concierto;2024-02-09;16:24:06
2671;2156;Cine;2024-11-30;09:35:34
2695;1339;Concierto;2024-04-17;12:59:56
4181;3047;Teatro;2024-10-01;12:11:19
9274;666;Concierto;2024-12-05;06:51:33
7049;2582;Deporte;2024-05-18;11:40:06
6993;1515;Deporte;2024-05-01;06:46:50
4938;711;Museo;2024-08-31;21:36:42
8829;3054;Teatro;2024-02-18;18:25:39
3908;2201;Concierto;2024-11-05;10:28:36
418;1276;Deporte;2024-03-28;16:51:52
8855;1783;Concierto;2024-05-11;19:36:11
3472;497;Concierto;2024-02-13;20:14:14
3662;4827;Teatro;2024-03-08;12:11:27
6409;2860;Deporte;2024-10-03;08:21:01
9137;101;Cine;2024-03-17;07:15:06
8291;223;Teatro;2024-04-02;11:18:57
5443;1553;Teatro;2024-08-24;08:16:32
1206;3795;Cine;2024-03-18;05:36:11
1648;2404;Museo;2024-07-23;22:05:35
4843;87;Museo;2024-03-24;21:29:11
9354;4569;Concierto;2024-02-10;03:24:56
9372;1035;Concierto;2024-04-25;15:39:12
1773;3542;Deporte;2024-08-06;16:25:22
1683;2979;Deporte;2024-07-10;11:04:29
6265;2069;Concierto;2025-01-07;13:22:25
4636;1842;Cine;2024-04-29;19:40:18
3623;2566;Teatro;2024-09-12;09:42:37
5965;1081;Museo;2024-11-18;14:56:56
1533;3801;Deporte;2024-04-29;08:47:39
8137;1825;Teatro;2024-09-21;01:58:14
2944;4314;Museo;2024-05-02;02:13:23
4627;4163;Museo;2024-12-25;18:47:53
4012;2564;Cine;2024-12-17;07:40:40
1619;3253;Teatro;2024-10-21;03:54:49
8681;1035;Concierto;2024-04-08;03:07:23
8794;2278;Museo;2024-12-16;13:35:57
4777;2981;Teatro;2024-03-28;09:14:51
2270;580;Museo;2024-06-18;00:18:02
9187;1485;Deporte;2024-02-17;16:04:36
8128;3586;Museo;2024-04-07;22:54:21
2246;88;Cine;2025-01-19;20:30:16
6601;2923;Museo;2024-10-13;03:48:06
4160;1380;Museo;2024-10-22;05:18:36
6982;4977;Concierto;2024-11-20;03:41:59
1633;4811;Concierto;2024-11-14;22:21:58
375;1130;Cine;2024-06-06;06:19:51
815;1161;Museo;2024-06-18;12:51:09
9245;872;Teatro;2024-08-05;11:12:34
432;2922;Concierto;2024-11-14;04:23:56
6542;4303;Cine;2024-05-29;04:43:33
3365;711;Cine;2024-01-30;20:08:39
7989;2275;Cine;2024-08-07;01:07:24
441;3295;Museo;2024-06-24;13:29:18
4785;356;Museo;2025-01-03;19:14:59
9122;3683;Teatro;2024-12-26;04:04:00
4442;4885;Concierto;2024-12-27;11:36:23
2139;4186;Teatro;2024-08-06;06:19:38
6316;2361;Cine;2024-08-02;22:47:03
4294;4735;Cine;2024-01-23;23:07:55
7631;2518;Teatro;2024-11-08;19:09:29
4370;3047;Deporte;2024-08-13;04:48:11
4879;468;Concierto;2024-07-23;16:38:11
7966;2634;Teatro;2024-07-10;15:39:54
155;465;Concierto;2024-10-30;16:15:47
5134;1185;Cine;2024-08-18;23:17:09
3214;872;Cine;2024-06-08;01:25:35
1805;775;Deporte;2024-08-29;05:50:05
6407;2408;Deporte;2024-05-11;23:15:13
7299;1219;Deporte;2024-06-03;03:33:28
6984;1997;Museo;2024-09-18;00:49:12
1275;1295;Museo;2024-02-26;01:58:30
6212;3486;Cine;2024-04-27;13:17:37
258;247;Teatro;2024-08-14;13:12:05
4645;708;Teatro;2024-03-02;00:50:06
5755;1932;Museo;2024-02-02;12:01:31
4687;1231;Deporte;2024-01-24;05:41:18
1115;2029;Teatro;2024-03-04;17:54:01
4400;1138;Deporte;2024-09-21;11:08:50
5533;74;Cine;2024-08-24;07:49:25
3997;3681;Concierto;2024-01-26;05:33:12
3175;4454;Museo;2024-02-16;06:06:57
3235;1625;Cine;2024-11-16;23:56:06
7713;3580;Deporte;2024-06-23;15:56:11
9236;4362;Deporte;2024-04-16;22:07:30
7865;2852;Deporte;2024-05-01;03:55:10
7567;3853;Deporte;2024-04-07;04:47:34
4340;101;Concierto;2024-12-29;16:03:34
9511;3177;Concierto;2024-07-17;06:05:37
5994;3438;Teatro;2024-07-04;23:54:41
5436;1794;Teatro;2024-06-19;15:47:04
663;404;Cine;2024-03-24;03:29:34
3013;3805;Deporte;2024-06-25;08:02:25
8161;2453;Cine;2024-11-29;01:31:06
6079;3645;Cine;2024-04-10;20:32:54
6386;3450;Deporte;2024-06-01;01:00:29
7217;4207;Concierto;2024-04-28;05:29:55
6260;4466;Cine;2024-05-12;15:11:57
7476;1267;Teatro;2024-10-09;23:42:37
9659;2703;Deporte;2024-12-13;14:15:26
5137;2516;Museo;2024-10-18;16:27:47
993;2334;Teatro;2024-09-12;08:23:21
7842;4163;Deporte;2024-10-09;14:23:54
1448;478;Teatro;2024-10-15;22:16:43
123;4970;Museo;2024-07-23;17:53:14
3353;1132;Museo;2024-09-07;21:16:37
9308;3127;Teatro;2024-08-27;09:00:37
3429;4454;Concierto;2025-01-17;14:16:07
4969;2350;Deporte;2024-12-30;02:37:26
6062;4743;Deporte;2024-12-13;10:08:45
5924;1132;Concierto;2024-04-03;15:46:17
2776;4581;Museo;2025-01-10;15:08:22
4376;2214;Museo;2024-09-17;20:50:06
3451;2923;Concierto;2024-11-08;22:14:26
6422;3886;Teatro;2024-09-05;23:27:26
1336;389;Teatro;2024-10-28;03:26:32
4227;2085;Deporte;2024-06-25;23:01:19
5706;76;Teatro;2024-09-02;23:28:04
9134;2453;Deporte;2024-09-13;03:43:52
2385;1966;Deporte;2024-04-08;22:53:22
2378;4848;Deporte;2024-03-06;13:49:25
5300;1415;Museo;2024-02-03;19:43:28
5830;1683;Cine;2024-03-19;12:38:46
960;4976;Museo;2024-11-02;22:45:30
4393;2837;Deporte;2024-10-15;00:32:46
235;4045;Cine;2024-02-06;09:02:45
3645;2855;Concierto;2024-05-30;05:10:08
1936;4362;Cine;2024-03-11;00:39:33
2088;2111;Teatro;2024-12-08;05:51:06
3017;3835;Concierto;2024-04-08;15:24:57
3954;711;Museo;2024-12-11;09:23:39
1980;4128;Cine;2024-09-29;03:29:44
9460;3048;Museo;2024-10-25;17:50:20
1004;2848;Teatro;2024-04-05;07:02:15
5581;3359;Deporte;2024-03-27;23:27:30
7837;4157;Deporte;2024-04-11;09:43:34
9951;662;Teatro;2024-03-26;22:11:36
5835;2806;Teatro;2024-05-08;03:35:10
2721;860;Concierto;2024-11-18;16:21:28
3489;1560;Teatro;2024-10-16;02:23:17
2522;3196;Concierto;2024-07-22;02:40:02
6632;1138;Concierto;2024-10-29;02:41:37
2159;945;Cine;2024-11-18;21:25:00
6623;1160;Museo;2024-02-10;13:48:44
9968;1930;Teatro;2024-03-11;23:37:40
9132;2095;Museo;2024-08-23;12:08:28
7558;4085;Cine;2024-04-27;13:27:55
9017;1295;Museo;2024-09-17;12:26:28
7996;2625;Museo;2024-03-26;16:08:37
2064;3129;Concierto;2024-03-16;12:08:48
9002;1034;Concierto;2024-02-10;12:53:40
6641;302;Cine;2024-08-20;01:11:11
9483;232;Cine;2024-06-20;13:16:50
8004;2398;Museo;2024-12-28;12:26:53
2777;860;Concierto;2024-10-22;23:51:25
2976;2291;Deporte;2024-11-16;09:12:51
2562;3699;Teatro;2025-01-20;02:51:52
4224;206;Teatro;2024-09-13;20:59:05
7681;2946;Cine;2024-01-23;23:52:55
298;414;Cine;2024-12-17;10:31:28
4286;1441;Cine;2024-09-17;06:31:00
2952;3449;Teatro;2024-07-10;11:34:42
6763;2478;Concierto;2024-07-30;00:29:55
7844;4551;Deporte;2024-09-14;00:19:21
7261;3490;Museo;2024-01-23;04:18:03
3533;4014;Concierto;2024-12-29;03:36:06
4062;3533;Teatro;2024-06-08;06:34:47
3658;1607;Teatro;2024-06-18;13:22:20
6550;1525;Museo;2024-05-10;21:27:00
5954;434;Cine;2025-01-08;10:47:28
574;2292;Deporte;2024-06-15;07:19:45
6847;2080;Museo;2024-05-10;09:47:06
3892;1947;Concierto;2024-07-07;09:49:21
9537;4942;Teatro;2024-09-17;09:09:01
9538;338;Concierto;2024-04-15;06:53:02
624;2466;Concierto;2024-04-25;17:34:56
4566;4876;Teatro;2024-04-08;06:04:04
9599;4324;Deporte;2025-01-15;07:06:29
32;1219;Museo;2024-08-26;18:55:43
2556;3497;Museo;2024-01-23;20:06:25
2261;4397;Teatro;2024-04-18;19:05:33
424;4059;Teatro;2024-09-24;12:38:46
5909;3099;Deporte;2024-10-11;04:06:27
8647;990;Cine;2024-05-17;23:20:20
2574;4777;Concierto;2024-12-07;20:56:14
4052;4002;Museo;2024-07-29;06:58:53
2969;3282;Cine;2024-07-26;22:55:14
971;1323;Concierto;2024-10-25;03:23:47
3296;3190;Teatro;2024-04-14;20:38:54
9405;3562;Cine;2024-09-19;15:32:10
8246;3257;Teatro;2024-11-04;16:06:09
9304;860;Deporte;2024-05-27;07:01:36
1757;3600;Teatro;2024-04-07;05:38:11
7487;3830;Cine;2024-05-12;02:22:24
7581;2797;Museo;2025-01-12;20:40:06
2664;2183;Cine;2024-09-24;11:54:03
2445;4419;Deporte;2024-11-18;16:49:33
4378;88;Teatro;2024-05-22;19:39:05
7317;4241;Museo;2024-10-10;14:32:32
7332;3785;Deporte;2024-02-20;07:02:02
8540;4186;Concierto;2024-10-26;00:16:22
3713;1415;Deporte;2024-08-02;00:24:11
4499;2478;Teatro;2024-12-31;10:19:58
5217;3187;Cine;2024-11-12;11:07:47
6957;4772;Teatro;2024-08-29;19:56:44
2049;1930;Concierto;2024-11-03;06:36:56
4768;1415;Concierto;2024-04-01;22:54:18
5600;1035;Museo;2024-10-01;04:13:58
6598;2865;Concierto;2025-01-09;19:42:45
7007;2877;Concierto;2024-06-01;11:47:09
6230;3471;Deporte;2024-06-26;15:45:59
4027;2466;Deporte;2024-09-06;11:04:47
1180;1525;Concierto;2024-03-04;20:55:56
3204;3578;Museo;2024-12-11;21:54:04
5075;2288;Museo;2024-05-02;09:07:16
1913;2841;Cine;2024-03-03;16:00:48
5316;1619;Teatro;2024-03-10;07:09:31
5885;3802;Concierto;2024-03-26;08:24:46
9282;4302;Concierto;2024-12-21;19:05:25
3787;4551;Cine;2024-02-11;14:42:19
7427;2260;Cine;2024-08-22;00:51:39
8275;2007;Deporte;2024-05-27;20:23:40
3749;4761;Museo;2025-01-04;16:08:02
2416;3130;Deporte;2024-03-23;08:40:51
1064;4266;Museo;2025-01-18;01:27:51
4147;682;Cine;2024-10-24;03:35:45
2510;2852;Deporte;2024-03-04;01:29:48
4028;3594;Deporte;2024-07-07;05:18:23
7797;1477;Cine;2024-05-29;12:26:46
502;4167;Cine;2024-06-29;10:05:53
9644;3401;Cine;2024-10-25;00:05:09
4056;3869;Deporte;2024-06-18;09:14:49
3302;4220;Deporte;2024-04-30;04:37:39
5294;603;Deporte;2024-03-28;08:56:23
6940;3450;Concierto;2025-01-18;16:42:44
9010;2848;Museo;2024-06-19;12:07:52
3479;4714;Teatro;2024-11-01;06:07:25
2805;1496;Concierto;2024-05-17;05:42:51
5138;292;Concierto;2024-10-04;17:48:42
3567;4360;Museo;2024-02-10;23:15:51
4366;3295;Deporte;2024-02-18;09:51:18
2296;1863;Deporte;2024-11-23;02:02:24
2907;1415;Teatro;2024-08-21;14:17:22
82;752;Deporte;2024-10-05;22:13:24
2939;589;Museo;2024-11-18;05:18:35
9027;564;Teatro;2024-11-12;16:57:42
1497;2827;Cine;2024-02-17;04:05:07
8050;4970;Museo;2024-04-16;13:47:17
3362;4675;Deporte;2024-07-07;21:00:55
8335;4951;Cine;2025-01-02;12:02:52
2680;138;Concierto;2024-04-28;11:22:44
2066;327;Museo;2024-04-12;21:21:14
709;1496;Teatro;2024-05-14;07:54:36
9502;1426;Deporte;2024-10-09;11:44:44
6619;1258;Cine;2024-12-07;12:41:14
8319;2465;Cine;2024-10-17;08:37:39
4076;456;Cine;2024-02-17;03:32:02
793;1490;Cine;2024-07-09;16:18:39
2817;1973;Concierto;2024-02-01;19:14:32
2317;1443;Concierto;2025-01-08;03:19:17
3928;3907;Deporte;2024-12-05;23:41:59
4546;4493;Cine;2024-02-10;02:43:04
3668;1924;Concierto;2024-01-28;07:00:50
8323;2533;Concierto;2024-04-01;22:09:20
1224;4454;Cine;2024-05-24;10:31:22
1965;1973;Concierto;2025-01-02;17:20:46
9345;4522;Teatro;2024-10-18;06:19:34
9698;2674;Deporte;2024-06-01;12:06:48
7582;3615;Cine;2024-03-30;00:25:49
3884;4558;Deporte;2024-05-22;14:13:40
4821;1683;Deporte;2024-07-17;11:16:07
7566;3559;Teatro;2024-01-24;16:16:05
9919;3830;Concierto;2024-08-31;07:35:51
1469;3559;Concierto;2024-05-29;22:55:09
6332;4157;Deporte;2024-09-14;13:41:47
8388;2753;Deporte;2024-02-04;04:32:25
5173;3352;Cine;2024-06-16;22:06:51
764;603;Concierto;2024-12-01;13:56:51
2135;1526;Concierto;2024-04-10;19:30:30
6294;3291;Concierto;2024-04-01;18:21:03
4063;3967;Concierto;2025-01-16;20:15:09
249;1560;Cine;2025-01-04;05:47:30
9270;4454;Museo;2024-05-12;22:31:26
255;3190;Concierto;2024-03-29;03:54:51
2356;860;Cine;2024-10-28;00:49:42
4859;1783;Concierto;2024-12-19;01:49:43
2061;356;Museo;2024-06-06;04:23:14
274;3434;Concierto;2024-07-11;19:45:35
7310;4075;Concierto;2024-11-10;00:35:26
419;2792;Concierto;2024-02-27;02:45:43
393;1333;Teatro;2024-09-06;04:51:40
756;1784;Museo;2024-11-10;10:47:59
3252;4977;Cine;2024-11-17;19:39:33
930;1283;Deporte;2024-04-18;10:53:57
5026;2852;Teatro;2024-10-03;15:52:55
34;547;Cine;2024-12-23;07:35:35
7443;1859;Museo;2024-12-07;12:28:08
9638;26;Deporte;2024-12-15;18:08:42
2157;1641;Museo;2024-11-23;13:26:59
7828;3169;Deporte;2024-05-09;05:12:49
9106;1386;Museo;2024-10-21;02:53:08
8991;1625;Teatro;2024-09-22;10:01:02
9035;2825;Teatro;2024-03-19;19:03:17
7517;2029;Museo;2025-01-02;10:46:32
9987;367;Deporte;2024-03-05;15:56:10
8051;4906;Teatro;2024-09-29;20:43:28
7094;3512;Deporte;2024-03-01;00:56:21
4716;945;Museo;2024-06-13;20:51:01
7961;603;Museo;2024-03-07;18:16:59
8798;2582;Concierto;2024-07-10;15:02:32
9490;1217;Concierto;2024-11-08;00:10:43
8704;3005;Deporte;2024-08-02;23:58:06
2128;4291;Deporte;2024-09-30;22:48:40
3392;2674;Deporte;2024-10-10;11:06:00
2678;235;Museo;2024-10-18;20:19:48
7692;293;Museo;2024-05-11;04:54:57
7182;4362;Deporte;2024-11-09;03:29:15
3765;2107;Cine;2024-09-03;23:22:33
3779;367;Cine;2024-05-12;23:56:46
1442;356;Concierto;2024-08-21;01:10:50
6928;1568;Teatro;2024-02-18;15:48:26
6192;3853;Deporte;2024-09-08;19:11:23
4120;3328;Concierto;2024-05-05;16:37:45
7557;777;Teatro;2024-02-21;17:26:02
7601;3775;Teatro;2024-03-10;07:36:53
3192;4813;Concierto;2024-12-17;12:58:37
4872;1323;Concierto;2024-07-09;12:55:09
9140;1295;Teatro;2024-08-18;12:39:09
7270;1473;Concierto;2024-04-15;09:29:47
6570;2753;Teatro;2024-10-10;00:11:17
6470;2172;Teatro;2024-11-01;13:41:18
6537;2053;Museo;2024-02-05;23:25:52
8033;1560;Deporte;2024-02-04;07:29:04
9384;4076;Cine;2024-04-20;14:12:47
8375;4163;Deporte;2024-09-27;06:28:06
4622;1755;Cine;2024-01-24;21:53:36
3383;2397;Teatro;2024-11-20;00:54:01
6442;2566;Cine;2024-04-28;18:53:35
6085;1902;Deporte;2024-03-15;16:41:24
3863;3497;Museo;2024-01-30;17:52:05
5484;1333;Deporte;2024-01-29;05:46:14
9427;4300;Deporte;2024-04-24;16:46:33
7915;456;Teatro;2024-10-07;17:57:03
2366;3213;Museo;2024-04-26;15:42:35
5299;4474;Museo;2024-06-10;02:56:24
4934;4571;Teatro;2024-02-25;08:59:59
4555;3277;Concierto;2024-12-26;03:15:38
165;4841;Cine;2024-09-03;00:44:07
6525;2074;Teatro;2024-04-27;01:13:00
6172;281;Cine;2024-08-27;21:44:48
4600;1375;Concierto;2024-02-26;09:13:34
6553;294;Museo;2024-10-25;21:33:09
6526;4144;Concierto;2024-04-21;16:00:59
3060;1899;Teatro;2024-10-04;22:42:40
4347;4358;Museo;2024-09-13;14:16:36
733;1820;Concierto;2024-07-07;23:27:13
8906;1185;Museo;2024-05-08;00:34:35
1733;4151;Deporte;2024-07-09;06:48:25
8229;3676;Museo;2024-07-27;09:10:04
5806;338;Cine;2024-08-15;17:30:10
2065;1613;Concierto;2024-02-04;19:29:19
7067;1477;Museo;2024-09-07;07:50:28
8795;1902;Cine;2024-07-21;04:28:02
6251;26;Cine;2024-07-21;04:56:43
1210;4324;Concierto;2024-03-12;18:38:35
4220;3905;Deporte;2024-05-26;22:25:21
5028;247;Deporte;2024-05-11;05:00:43
2812;1750;Museo;2024-10-23;23:43:01
6398;3059;Concierto;2024-12-27;06:18:16
2196;2268;Teatro;2024-10-15;16:31:57
1390;3512;Concierto;2024-04-17;01:20:26
230;796;Concierto;2024-05-18;07:20:08
8316;1028;Museo;2024-02-24;22:24:09
3305;708;Museo;2024-09-28;19:42:17
8870;1738;Deporte;2024-05-11;21:04:20
392;4396;Cine;2024-11-02;04:51:56
3379;2292;Teatro;2024-02-08;06:14:32
8213;2119;Teatro;2024-11-15;11:22:52
684;1515;Cine;2024-03-17;13:20:40
8738;3874;Museo;2024-08-02;08:14:17
4574;1473;Cine;2024-08-28;04:13:22
4901;2979;Teatro;2024-06-16;03:58:51
293;1699;Concierto;2024-08-03;09:34:43
5041;1;Teatro;2024-10-26;20:00:41
1599;73;Cine;2024-11-22;20:11:06
5561;1956;Museo;2024-05-21;09:21:32
5679;2419;Museo;2024-05-18;02:06:21
3966;2832;Teatro;2024-05-11;18:48:54
119;3246;Museo;2024-04-05;08:25:17
3891;1;Museo;2024-09-03;13:24:50
9661;3630;Teatro;2024-11-28;00:59:01
5801;2361;Museo;2024-11-25;20:57:47
9117;4698;Teatro;2024-07-14;18:35:14
7589;2789;Concierto;2024-04-30;13:31:40
576;4942;Teatro;2024-02-27;19:45:16
9782;1932;Cine;2024-06-11;14:00:35
3615;4285;Cine;2024-07-21;11:28:13
2344;2823;Concierto;2024-02-14;15:05:01
1002;2397;Teatro;2024-07-09;15:00:57
1563;748;Museo;2024-12-13;04:35:28
521;3723;Cine;2024-02-02;01:27:47
9561;4466;Cine;2024-02-05;19:41:09
3641;251;Museo;2024-12-13;08:05:40
9223;1696;Museo;2024-01-25;21:25:55
6290;4291;Concierto;2024-07-01;16:06:04
5192;2475;Deporte;2024-12-20;13:16:14
1164;2203;Deporte;2024-10-21;00:29:42
6832;942;Teatro;2025-01-10;12:18:01
3646;1625;Concierto;2024-02-07;16:12:28
8571;1863;Deporte;2024-07-21;12:15:10
7561;2740;Cine;2024-11-09;21:35:02
6791;3805;Museo;2024-10-05;06:30:26
711;1227;Deporte;2024-05-14;19:36:36
6558;2150;Teatro;2024-04-11;05:06:58
1193;4919;Teatro;2024-06-02;21:08:25
8868;3490;Deporte;2024-08-04;02:10:27
3143;1380;Museo;2024-04-14;09:34:56
9715;1979;Museo;2024-04-29;04:52:52
7196;564;Teatro;2024-10-16;17:50:56
8959;4849;Deporte;2024-07-14;02:35:03
4776;2214;Deporte;2025-01-20;17:43:51
695;3512;Museo;2024-10-19;20:52:39
3106;3032;Museo;2024-04-01;14:05:48
6250;4698;Museo;2025-01-05;21:02:54
311;2528;Concierto;2024-01-27;13:57:04
4356;956;Cine;2024-03-20;09:52:31
6282;105;Concierto;2024-06-22;12:11:44
3367;3569;Museo;2024-02-01;08:23:10
5881;4452;Museo;2024-10-17;20:45:31
6435;3911;Deporte;2024-04-22;12:05:13
8191;2537;Deporte;2024-02-18;23:49:40
5;2174;Concierto;2024-03-12;08:29:34
2575;811;Museo;2024-10-08;00:20:30
7944;1687;Cine;2024-01-21;07:39:43
1311;2582;Cine;2024-10-03;14:09:52
6498;3105;Teatro;2024-06-05;21:35:21
5963;2172;Deporte;2024-06-03;08:15:44
4542;2941;Concierto;2024-11-29;03:00:55
1332;7;Teatro;2024-07-07;11:00:25
3498;1665;Deporte;2024-07-09;16:16:07
819;4788;Museo;2024-09-01;17:57:44
4712;4231;Museo;2024-06-24;20:31:15
5837;2827;Teatro;2024-08-09;18:16:00
7242;3048;Teatro;2024-12-21;02:37:46
921;3630;Teatro;2024-10-17;01:02:37
8570;965;Museo;2024-11-10;14:36:14
6938;1995;Teatro;2024-12-30;09:30:49
2185;2670;Deporte;2024-05-20;05:50:48
2987;2601;Cine;2024-12-07;06:32:59
1049;2852;Concierto;2024-03-14;08:48:58
6639;1515;Teatro;2024-12-19;10:51:47
6081;4796;Concierto;2024-11-01;12:31:27
2488;384;Teatro;2024-05-26;11:22:26
4261;752;Concierto;2024-01-21;10:21:50
2032;4157;Deporte;2024-11-12;01:56:44
6923;1184;Museo;2024-09-23;20:02:24
6345;860;Museo;2024-07-21;17:23:35
7076;4440;Deporte;2025-01-07;19:37:35
7845;3402;Museo;2024-11-17;15:03:46
542;414;Concierto;2024-11-19;05:20:55
6112;4058;Teatro;2024-11-09;21:17:37
5295;4832;Cine;2024-08-10;20:15:55
3914;4176;Concierto;2025-01-18;07:01:57
5245;1043;Museo;2024-11-13;02:32:50
3370;3774;Museo;2024-07-28;12:31:31
8622;4827;Cine;2024-03-06;06:33:42
740;3569;Cine;2024-12-28;18:54:49
2679;4675;Museo;2025-01-13;03:19:20
7520;3101;Teatro;2024-08-31;00:58:30
3460;851;Deporte;2024-08-26;23:49:42
5031;4272;Concierto;2024-06-05;05:14:16
4183;77;Teatro;2024-03-04;03:29:02
2786;1458;Cine;2024-10-14;05:24:41
7036;2466;Deporte;2024-05-24;18:11:27
3074;565;Concierto;2024-09-09;14:02:32
3684;4802;Concierto;2024-06-06;14:25:05
2573;1583;Cine;2024-02-15;01:17:26
6915;43;Deporte;2025-01-20;09:49:55
560;128;Deporte;2024-09-18;09:17:16
8238;2621;Concierto;2024-02-12;11:48:01
5059;121;Concierto;2024-01-27;23:00:59
4782;1043;Deporte;2024-02-02;14:44:45
127;1225;Teatro;2024-01-27;17:37:19
6476;1047;Teatro;2024-02-26;10:50:43
7616;564;Teatro;2024-02-27;16:36:21
4561;847;Deporte;2024-10-29;00:10:15
9023;838;Concierto;2024-11-13;12:14:22
8243;1842;Deporte;2024-06-28;21:22:09
6458;3130;Deporte;2024-10-12;20:56:17
1428;2458;Deporte;2024-08-14;16:06:17
782;1621;Museo;2024-09-15;19:43:46
638;907;Museo;2024-05-19;03:34:17
1615;2404;Teatro;2024-02-07;06:47:23
2195;1381;Cine;2024-11-12;21:18:57
6629;4747;Cine;2024-11-14;16:20:03
8736;1267;Cine;2024-08-08;18:37:58
9358;4057;Museo;2024-12-23;00:21:52
7329;4345;Teatro;2024-07-16;19:17:00
8777;1207;Concierto;2024-06-15;23:19:23
7775;4212;Museo;2024-09-16;12:30:41
3767;2172;Deporte;2024-07-15;18:10:32
6405;2150;Teatro;2024-05-17;19:24:45
565;3569;Deporte;2024-12-24;22:47:26
5951;4646;Cine;2024-06-01;06:46:12
7894;4017;Concierto;2024-06-16;04:36:44
6218;589;Teatro;2024-09-19;07:01:24
8748;2453;Cine;2024-05-09;06:18:48
4184;1043;Concierto;2024-05-15;06:33:45
242;3005;Museo;2025-01-06;19:05:12
969;3795;Deporte;2024-11-19;07:41:30
7074;2968;Teatro;2024-10-07;06:52:41
3217;3972;Concierto;2024-07-19;19:03:36
5282;1856;Cine;2024-07-17;18:43:18
9960;2435;Museo;2024-06-23;09:01:17
7108;2827;Concierto;2024-09-26;00:33:56
4505;3805;Cine;2024-06-22;22:56:54
8618;2671;Cine;2024-10-06;19:14:25
6153;2069;Cine;2024-03-17;13:51:54
3581;2112;Museo;2024-04-20;11:19:33
8123;1560;Cine;2024-04-07;12:10:41
362;289;Teatro;2024-03-06;14:17:15
6414;3600;Concierto;2024-03-03;00:44:03
2091;4044;Cine;2024-09-13;23:52:30
2468;281;Museo;2024-04-29;16:14:04
9488;3070;Teatro;2024-06-24;18:35:47
9503;2601;Cine;2024-01-24;13:27:21
5448;3722;Deporte;2024-09-04;11:04:41
8202;2391;Museo;2024-04-01;02:41:59
4424;2331;Cine;2024-11-17;10:21:08
5698;1386;Teatro;2024-02-05;23:43:43
9128;3220;Teatro;2024-09-07;04:19:46
6007;2671;Museo;2024-10-05;08:17:33
4631;1401;Cine;2024-07-31;04:42:36
8368;3012;Cine;2024-02-17;22:02:02
9720;1077;Cine;2024-08-02;13:16:45
2205;4457;Teatro;2024-08-26;13:57:44
5731;478;Teatro;2024-05-29;21:23:27
6018;2074;Cine;2024-06-03;08:59:05
6312;603;Teatro;2024-03-26;13:23:06
1129;1755;Teatro;2024-08-05;06:25:49
2605;2435;Concierto;2024-01-21;18:28:21
324;3817;Teatro;2024-06-17;02:12:54
868;3083;Teatro;2024-11-04;10:39:25
2560;752;Museo;2024-07-05;06:10:17
1373;1902;Teatro;2024-06-12;04:45:33
1294;1243;Cine;2024-11-14;05:46:27
3782;3733;Museo;2024-08-25;07:24:55
6417;3695;Cine;2025-01-11;04:41:55
2121;2832;Concierto;2024-02-02;19:13:41
1984;1104;Concierto;2024-03-08;05:07:28
8531;4480;Concierto;2024-04-02;04:34:27
8657;4333;Concierto;2024-06-01;06:32:35
9697;4399;Deporte;2024-07-05;10:28:10
4215;4832;Cine;2024-04-30;17:23:38
8016;4141;Teatro;2024-09-03;13:59:14
2011;3892;Concierto;2024-02-08;17:57:20
823;3683;Cine;2024-11-21;19:54:52
8850;2107;Deporte;2024-01-28;06:48:05
1797;3246;Concierto;2025-01-15;08:12:21
2177;2855;Deporte;2025-01-04;00:22:50
2360;347;Teatro;2025-01-18;17:21:48
4323;968;Cine;2024-04-02;02:34:48
3858;3594;Teatro;2024-08-19;08:35:06
9021;2936;Museo;2024-08-14;13:44:48
7038;3723;Teatro;2024-03-27;16:39:53
5047;3774;Museo;2024-12-16;12:51:22
6965;2478;Teatro;2024-09-22;09:59:01
8374;1034;Deporte;2024-10-26;22:58:44
9202;3542;Teatro;2024-07-31;16:49:13
1958;2518;Museo;2024-02-26;03:57:56
4942;2093;Deporte;2024-03-25;11:22:48
6204;945;Museo;2024-01-30;09:17:42
9197;1787;Teatro;2024-02-22;21:02:18
4756;356;Teatro;2024-07-03;03:00:01
4034;982;Teatro;2024-05-20;01:58:55
4465;3048;Teatro;2024-10-27;05:38:01
9203;4027;Concierto;2024-07-14;12:28:23
6762;2033;Cine;2024-08-28;01:25:33
351;2888;Museo;2024-08-18;04:28:13
875;4144;Concierto;2024-10-18;08:37:12
2692;1568;Museo;2024-07-31;06:59:55
9519;2852;Cine;2024-01-22;19:48:02
5910;2922;Deporte;2024-08-28;14:59:30
2862;1184;Concierto;2024-09-22;01:36:08
8462;947;Cine;2024-05-11;16:38:50
3289;3615;Deporte;2024-01-22;22:43:39
9047;2377;Deporte;2024-05-19;17:09:07
1197;356;Cine;2024-07-05;19:37:05
492;3070;Concierto;2024-05-25;22:30:29
9656;1070;Teatro;2025-01-05;12:44:53
3098;1732;Concierto;2024-05-07;02:01:27
7471;4569;Cine;2024-03-08;18:31:27
4541;1429;Cine;2024-12-31;10:50:01
839;2119;Concierto;2024-05-15;09:00:02
1701;814;Concierto;2025-01-15;03:50:17
1128;3180;Teatro;2024-11-14;11:18:16
879;2291;Cine;2024-05-28;14:24:30
4771;1209;Museo;2024-03-12;21:34:05
141;2260;Teatro;2024-09-05;06:17:41
6875;3042;Cine;2024-02-24;02:27:30
9363;1660;Cine;2024-05-29;19:23:11
211;4333;Deporte;2024-07-17;21:23:32
5142;1161;Cine;2025-01-15;02:25:39
519;1856;Teatro;2024-10-26;04:07:37
3420;404;Teatro;2025-01-02;14:47:45
978;1348;Deporte;2024-10-08;23:36:29
830;2837;Teatro;2024-02-19;19:23:52
8615;2768;Teatro;2024-06-13;23:33:36
4287;4568;Teatro;2024-07-17;06:25:24
1650;1032;Concierto;2024-02-06;13:19:33
6971;465;Concierto;2024-04-26;23:32:03
6039;811;Museo;2024-12-23;18:21:03
3007;3112;Deporte;2024-11-23;13:52:06
5582;2190;Teatro;2024-04-28;19:53:34
271;1299;Cine;2024-09-24;20:53:42
8108;4743;Concierto;2024-11-16;14:57:03
7947;4581;Teatro;2025-01-14;14:48:33
6045;1956;Teatro;2024-10-27;07:53:12
5287;4176;Deporte;2024-05-18;19:41:01
5663;3681;Teatro;2024-05-18;07:40:03
9694;3277;Cine;2024-01-23;07:59:22
5206;2799;Concierto;2025-01-18;02:28:38
398;3817;Museo;2024-07-21;00:15:50
4461;3892;Concierto;2024-01-23;19:24:00
1884;1956;Cine;2024-05-09;00:52:28
582;894;Teatro;2024-07-04;05:43:22
2342;1077;Teatro;2024-12-12;20:51:15
9046;1039;Museo;2024-09-22;23:00:18
1451;4653;Deporte;2024-05-02;03:49:05
9815;1123;Teatro;2024-10-19;11:58:39
7986;554;Teatro;2024-05-17;23:31:02
8676;3892;Teatro;2024-11-30;02:30:57
5252;3257;Museo;2024-12-04;12:03:18
5832;3282;Museo;2024-12-31;19:16:08
5198;4681;Cine;2024-12-27;20:47:19
746;3376;Deporte;2024-07-22;16:31:52
4084;2292;Museo;2024-06-10;09:11:42
2199;1074;Teatro;2024-04-11;01:25:35
8369;1957;Museo;2024-10-21;04:29:17
9484;1187;Deporte;2024-09-09;11:34:50
7393;293;Museo;2024-01-21;16:34:39
552;3588;Cine;2024-12-01;01:54:15
9653;4244;Museo;2024-05-13;01:34:41
5439;2278;Deporte;2024-08-02;18:28:23
6238;3641;Concierto;2024-11-17;03:14:52
5597;2350;Cine;2024-10-02;11:55:41
4412;1697;Concierto;2024-05-24;20:16:40
4455;3605;Teatro;2024-06-14;05:54:03
5879;4241;Teatro;2024-12-20;15:27:21
9764;682;Deporte;2024-02-27;00:59:48
3282;4328;Cine;2024-07-22;12:47:35
5345;4399;Cine;2024-03-31;07:24:31
7911;1970;Deporte;2024-07-22;08:17:19
5776;3277;Teatro;2024-11-28;09:00:34
8407;1956;Concierto;2024-02-12;05:51:17
2067;3450;Concierto;2024-05-29;17:20:35
5628;3830;Concierto;2024-09-26;21:15:51
6349;1073;Deporte;2024-12-15;18:57:19
5458;1738;Concierto;2024-06-01;17:05:46
4458;1477;Deporte;2024-12-19;08:52:03
8399;2629;Museo;2024-05-03;01:10:54
9838;4692;Teatro;2024-08-31;20:45:21
4118;101;Cine;2024-01-25;06:54:11
5902;2007;Deporte;2024-05-14;19:53:55
7921;3905;Teatro;2024-03-11;21:19:22
4072;2984;Museo;2024-11-22;07:13:00
6078;1738;Museo;2024-10-10;01:25:26
214;1290;Concierto;2024-08-30;22:14:07
5372;3733;Concierto;2024-10-25;00:09:31
3123;88;Museo;2025-01-11;04:45:58
4241;4636;Teatro;2024-11-28;17:44:19
8589;1295;Museo;2024-05-22;18:29:46
8970;1108;Deporte;2024-08-02;10:03:49
1656;3905;Museo;2024-08-30;17:04:12
6845;3722;Deporte;2024-10-19;22:19:02
4242;3228;Teatro;2025-01-11;19:44:45
387;445;Cine;2024-03-07;07:30:41
8391;2033;Deporte;2024-01-24;09:02:12
6242;4681;Deporte;2024-11-18;09:56:22
2352;1360;Museo;2024-02-14;09:38:45
3675;4393;Concierto;2024-12-25;08:36:57
730;3569;Deporte;2024-05-17;17:23:03
1860;1979;Deporte;2024-10-28;17:26:39
3838;3545;Deporte;2024-12-24;03:21:10
3946;4045;Concierto;2024-05-12;21:02:19
1565;26;Cine;2024-07-20;15:30:34
7321;2605;Deporte;2024-04-01;20:35:59
239;4657;Museo;2024-08-03;03:09:31
5758;926;Concierto;2024-10-25;05:58:19
7748;1473;Teatro;2024-09-07;23:51:49
5539;4849;Deporte;2024-11-28;02:41:12
984;2288;Museo;2024-10-19;05:38:26
501;4076;Cine;2024-06-20;18:23:36
2410;4743;Museo;2024-06-02;07:13:43
1809;4942;Deporte;2024-02-23;18:17:47
6509;1048;Museo;2024-02-16;18:07:36
958;990;Deporte;2024-06-24;02:21:18
9947;1291;Deporte;2024-09-21;11:55:14
6787;3213;Museo;2024-01-24;10:12:40
5030;3249;Concierto;2025-01-01;17:38:35
2169;4371;Teatro;2024-09-11;22:27:09
6117;3073;Teatro;2024-03-02;13:40:57
7643;2007;Deporte;2024-04-20;23:00:38
2630;2377;Museo;2024-10-03;17:06:25
949;407;Teatro;2024-01-29;21:18:38
3534;3402;Concierto;2024-04-03;20:39:06
5626;4831;Concierto;2024-08-24;10:49:48
5620;2683;Museo;2024-07-26;11:29:45
9285;2528;Teatro;2024-12-15;18:00:13
944;2832;Cine;2024-09-23;01:06:36
7854;1333;Teatro;2024-07-17;19:24:55
5385;305;Deporte;2024-07-09;18:46:08
4963;2601;Teatro;2024-10-23;11:18:30
6500;1035;Deporte;2024-10-28;08:42:40
1153;4167;Cine;2024-02-29;04:45:30
3238;2440;Deporte;2024-11-25;05:16:35
2637;2069;Teatro;2024-04-02;19:22:38
3326;445;Deporte;2024-09-05;20:37:27
2807;4685;Cine;2024-01-30;13:04:01
1588;535;Museo;2024-12-07;01:32:15
7772;3683;Cine;2024-05-29;14:37:14
344;2043;Concierto;2024-11-10;07:02:09
7100;1970;Deporte;2024-12-16;08:17:34
8040;3059;Deporte;2024-06-04;20:34:21
229;1397;Museo;2024-07-03;09:08:48
6051;3289;Concierto;2024-06-26;14:17:54
878;293;Cine;2024-06-12;03:23:44
3089;2755;Deporte;2025-01-12;15:05:25
9136;3578;Teatro;2024-01-27;15:17:54
5662;138;Museo;2024-12-11;15:18:31
8065;967;Museo;2024-10-05;12:59:19
6665;1790;Teatro;2024-02-16;07:46:09
3470;367;Cine;2025-01-05;08:37:36
6635;615;Teatro;2024-02-05;18:29:18
6788;982;Concierto;2024-10-20;06:33:21
9593;3738;Deporte;2024-04-25;16:36:54
8127;1560;Concierto;2024-12-20;19:34:56
8734;4813;Concierto;2024-06-22;09:46:11
2517;4328;Deporte;2025-01-03;02:48:36
5671;4141;Deporte;2024-11-29;18:41:59
3715;4186;Cine;2024-05-23;11:38:11
2516;2984;Deporte;2024-03-07;11:28:18
3375;4657;Concierto;2024-08-24;06:11:09
4111;4302;Cine;2024-10-20;16:01:51
7484;4796;Museo;2024-10-15;19:23:47
1475;665;Teatro;2024-01-29;01:10:08
3425;2069;Cine;2024-11-16;13:51:09
3531;3130;Deporte;2024-03-11;06:47:00
16;4627;Museo;2025-01-09;06:13:04
9976;3189;Deporte;2024-09-22;12:43:05
7233;356;Deporte;2024-10-29;10:59:12
2076;1568;Museo;2024-03-04;03:20:04
5119;3545;Teatro;2024-12-14;05:25:51
2465;2979;Deporte;2024-03-28;23:01:43
9618;1443;Concierto;2024-12-09;20:06:44
4528;2755;Cine;2024-02-13;06:17:54
8090;2083;Museo;2024-03-11;16:18:19
561;2855;Concierto;2024-10-29;14:00:10
8643;2029;Museo;2024-12-06;13:36:07
9841;121;Deporte;2024-03-24;01:43:52
2836;4802;Deporte;2024-05-22;04:01:41
7251;4285;Deporte;2025-01-06;18:42:58
6466;4157;Deporte;2024-05-05;12:09:32
4702;3411;Deporte;2024-02-18;21:57:37
1313;4489;Concierto;2024-04-06;03:32:09
3722;471;Museo;2024-02-10;14:39:56
9750;4777;Cine;2024-05-29;16:31:04
4280;4176;Teatro;2024-02-25;17:54:56
8313;1243;Museo;2024-12-27;05:20:22
2859;711;Deporte;2024-05-22;16:52:30
2687;1217;Museo;2024-04-20;20:35:07
7507;2855;Concierto;2024-12-29;10:42:21
2017;4207;Deporte;2024-08-19;20:58:11
6181;4577;Teatro;2024-02-19;04:16:00
6586;2704;Museo;2024-08-23;10:50:15
3711;860;Concierto;2024-06-12;19:13:19
3132;4163;Teatro;2024-08-29;19:15:04
7729;4869;Teatro;2024-11-08;17:12:10
8099;2674;Cine;2024-09-03;02:20:17
4823;1433;Cine;2024-12-02;22:13:33
429;4906;Deporte;2024-07-30;22:39:10
137;4454;Concierto;2024-03-23;03:10:36
7212;990;Museo;2024-04-22;11:45:08
5768;2865;Deporte;2024-12-03;14:07:26
9085;4951;Teatro;2024-11-15;20:36:34
8635;3099;Museo;2024-05-21;10:50:26
1983;3186;Deporte;2024-07-09;20:39:25
4377;989;Deporte;2025-01-04;23:26:14
6760;4031;Museo;2024-05-17;20:30:40
9526;1727;Museo;2025-01-09;01:47:36
7418;3811;Teatro;2025-01-19;13:53:33
6208;1957;Deporte;2024-08-31;20:26:07
9867;2855;Teatro;2024-05-25;03:32:17
4087;2191;Museo;2024-07-10;08:56:57
8356;3869;Cine;2024-08-14;15:10:16
5957;1441;Cine;2024-08-08;00:48:15
1561;803;Teatro;2024-05-02;21:13:09
251;1034;Museo;2024-12-24;12:57:15
2933;1827;Deporte;2024-10-28;21:52:08
7598;4291;Deporte;2024-07-02;15:13:57
9860;3647;Deporte;2024-07-12;01:43:57
3;1283;Museo;2024-04-22;11:49:52
1920;4360;Cine;2024-08-13;22:41:13
3488;900;Concierto;2024-07-02;13:01:28
8891;2015;Museo;2024-09-14;23:28:55
6952;2407;Concierto;2024-02-13;10:14:39
7176;74;Teatro;2024-03-13;02:11:49
5383;1433;Cine;2024-10-10;10:11:21
8193;967;Deporte;2024-09-06;22:56:51
5654;1715;Museo;2024-06-06;18:22:46
7380;4057;Cine;2024-12-31;22:42:38
6948;1074;Museo;2024-07-23;22:37:21
1085;1138;Concierto;2024-08-01;20:29:05
6052;4075;Cine;2024-04-05;22:38:01
9670;3196;Teatro;2024-08-20;06:19:25
246;3368;Concierto;2024-09-16;19:14:35
988;2979;Concierto;2024-12-15;22:24:09
6606;3660;Deporte;2024-07-12;10:02:04
4233;3320;Teatro;2024-04-23;04:27:41
7089;2451;Museo;2024-03-02;17:22:22
1421;725;Cine;2024-11-12;21:17:43
3976;956;Deporte;2024-12-09;05:01:02
7790;4739;Deporte;2024-12-06;06:27:15
2040;3586;Concierto;2024-11-28;13:19:21
2896;3180;Concierto;2024-11-25;10:02:04
72;4327;Museo;2024-03-16;13:23:09
8299;1983;Cine;2024-06-09;11:31:29
3484;859;Concierto;2024-01-22;01:39:14
7274;1291;Concierto;2024-12-06;13:30:45
7419;3593;Cine;2024-08-31;17:14:25
8116;1715;Museo;2024-11-05;17:17:20
2072;3902;Deporte;2024-05-16;02:59:47
6947;1415;Cine;2024-08-11;10:01:52
8286;3079;Museo;2024-11-28;22:47:23
5744;3186;Teatro;2024-12-05;11:11:42
1518;1339;Deporte;2024-02-27;06:23:21
5397;1032;Museo;2024-06-03;13:32:04
4126;775;Cine;2025-01-05;15:57:41
9057;1751;Teatro;2024-03-13;09:28:12
7075;2896;Concierto;2024-12-06;22:45:58
9182;106;Cine;2024-11-14;23:06:15
3607;3906;Teatro;2024-08-09;00:59:54
6269;1842;Concierto;2024-04-22;17:34:09
7191;2936;Concierto;2024-04-30;06:28:20
8430;2107;Cine;2024-11-17;23:46:25
3677;2987;Museo;2024-02-11;10:06:23
9754;2917;Cine;2024-11-28;19:00:08
6408;1415;Deporte;2024-04-18;10:41:33
9608;117;Concierto;2024-12-29;06:19:23
158;3800;Cine;2024-03-24;06:02:47
2167;1473;Teatro;2024-01-27;09:53:46
4524;4519;Teatro;2024-10-20;11:52:45
8166;3545;Cine;2024-03-30;01:10:10
3870;4970;Deporte;2024-08-24;17:39:48
5861;838;Concierto;2024-06-28;03:54:22
1571;2806;Museo;2024-07-17;19:43:21
7335;3133;Concierto;2024-11-19;01:17:03
9465;2794;Teatro;2024-10-24;09:57:53
207;4466;Deporte;2025-01-05;14:39:02
1593;535;Teatro;2024-05-03;09:33:59
384;1362;Cine;2024-07-07;14:44:38
7103;2043;Museo;2024-08-02;03:40:38
7018;2936;Cine;2024-05-06;02:12:24
6278;1243;Concierto;2024-11-09;01:51:35
9635;3397;Museo;2024-08-09;20:34:59
5241;4301;Museo;2024-05-07;05:55:40
9776;4970;Teatro;2024-04-13;07:58:15
3040;3345;Teatro;2024-11-14;19:27:26
1924;3434;Teatro;2025-01-09;20:44:12
1850;662;Teatro;2024-03-29;23:52:41
8370;2703;Deporte;2024-09-06;00:45:13
2301;989;Concierto;2024-08-16;03:55:32
8721;814;Concierto;2024-09-19;06:40:34
7751;2528;Teatro;2024-04-13;12:39:20
8284;1415;Cine;2024-07-30;15:52:57
6726;4027;Deporte;2024-02-13;09:46:07
4607;2150;Cine;2024-07-07;23:46:43
8015;3112;Museo;2024-07-13;15:31:31
7290;1236;Deporte;2024-08-13;18:46:13
2990;1032;Cine;2024-05-12;07:50:25
7547;4014;Teatro;2024-07-28;17:17:42
9627;1641;Teatro;2024-05-16;11:43:28
5129;1755;Teatro;2024-11-09;16:06:08
30;327;Teatro;2024-03-24;21:52:19
5380;947;Deporte;2024-09-02;08:35:55
6444;2463;Deporte;2024-08-31;20:57:29
2541;3073;Deporte;2024-05-30;21:21:17
6159;1660;Museo;2024-02-21;10:49:39
6972;319;Cine;2024-10-25;22:04:00
6427;4540;Deporte;2024-03-15;20:00:42
602;4773;Cine;2024-05-16;19:39:41
9964;4942;Cine;2024-09-01;10:24:54
1972;4869;Cine;2024-02-05;16:30:48
7617;3209;Deporte;2024-09-21;07:23:31
9340;666;Concierto;2025-01-15;08:19:20
4046;2451;Deporte;2024-05-06;09:50:53
2200;1625;Museo;2024-12-10;17:10:28
3836;1624;Teatro;2024-09-20;06:01:35
3274;1688;Cine;2024-06-24;13:08:08
8089;4687;Deporte;2024-09-09;10:36:20
2425;2150;Teatro;2024-11-16;09:19:46
5172;943;Teatro;2024-09-27;00:56:22
8110;3177;Museo;2024-06-07;06:04:16
1966;3189;Concierto;2024-10-01;02:14:21
2490;3775;Deporte;2024-03-28;09:36:48
4445;367;Teatro;2024-06-25;13:30:09
2530;3699;Museo;2024-08-02;10:39:05
5140;3649;Cine;2024-04-15;21:30:38
1155;247;Teatro;2024-11-14;22:43:06
4781;4493;Deporte;2025-01-16;05:10:51
4825;2683;Teatro;2024-08-06;13:47:41
1476;220;Deporte;2024-08-16;23:01:29
9827;601;Deporte;2024-04-26;17:14:10
3773;1397;Museo;2024-06-15;06:36:20
1053;3830;Concierto;2024-05-06;02:11:16
7073;2837;Deporte;2024-10-10;13:12:56
3682;3569;Teatro;2024-11-02;07:01:09
4696;471;Teatro;2024-10-24;03:12:57
7604;4017;Deporte;2024-10-14;09:56:37
2080;3099;Deporte;2024-06-03;22:47:52
6369;1711;Concierto;2024-10-04;18:07:47
3031;1415;Cine;2024-02-13;15:55:20
1118;2533;Deporte;2024-03-17;21:53:11
5143;1323;Deporte;2024-11-24;19:48:20
1159;4869;Deporte;2024-06-07;07:45:14
7179;2896;Deporte;2024-10-18;02:35:14
2947;3486;Cine;2024-06-21;18:22:03
21;4735;Teatro;2024-09-09;22:35:29
9399;1640;Deporte;2024-12-07;18:10:17
8956;752;Teatro;2024-06-17;08:00:24
8791;2190;Teatro;2024-11-26;02:53:54
5586;442;Deporte;2024-09-20;23:08:53
8965;3005;Museo;2024-10-18;20:40:17
8935;1042;Cine;2024-09-27;10:08:36
2214;3892;Concierto;2024-02-06;05:02:27
5903;838;Museo;2024-05-06;00:28:41
9544;1751;Cine;2024-12-28;07:52:39
716;4231;Concierto;2024-08-03;02:13:39
3831;4386;Concierto;2024-05-07;21:49:28
9310;347;Deporte;2024-04-19;19:06:46
3930;1504;Teatro;2024-09-27;12:22:46
1559;2419;Teatro;2024-03-06;15:25:02
5659;4832;Concierto;2024-03-04;03:24:19
446;1258;Concierto;2024-04-17;21:34:26
5796;3747;Deporte;2025-01-12;14:26:30
7791;2671;Museo;2024-08-01;00:48:22
800;1695;Cine;2024-05-28;21:05:10
2703;3562;Museo;2024-02-21;14:36:02
5688;615;Deporte;2024-05-19;13:48:31
3818;434;Cine;2024-04-04;06:20:43
2019;963;Cine;2024-09-03;18:56:33
1937;2564;Cine;2024-04-01;05:56:16
3548;2564;Museo;2024-05-14;22:49:30
8565;1483;Cine;2024-10-10;06:03:04
5645;1188;Cine;2024-11-20;04:09:18
7368;3249;Cine;2024-07-11;20:23:15
5973;1231;Teatro;2024-05-24;00:07:45
3205;105;Deporte;2024-05-14;18:12:13
